Name,Position,Office,Age,Start date,Salary,Department
Daniel Torres,Therapeutic radiographer,Allenchester,23,2000-10-12,$147666,Customer Support
Zachary Brown,Engineer control and instrumentation,New Shannonhaven,47,1977-07-07,$141729,Product Management
Edward Gonzales DVM,Forest/woodland manager,Fordfurt,40,1984-08-22,$98981,Engineering
Ashley Holland,Clinical research associate,Jerryview,37,1986-09-20,$125748,Engineering
Dustin Murphy,Newspaper journalist,Victorialand,26,1998-04-26,$135742,Finance
Mark Allen,Electrical engineer,Evansburgh,42,1982-06-20,$106889,Engineering
Travis Clark,Television production assistant,Natashastad,28,1996-05-15,$92770,Operations
Laura Herman,Pathologist,Lake Danielle,21,2003-09-04,$82555,Human Resources
Joshua Smith,Dispensing optician,Gonzaleston,42,1981-10-11,$129170,Customer Support
Teresa Stein,Stage manager,Thompsonchester,40,1984-01-16,$52086,Customer Support
Lauren Clark,Magazine features editor,Reginastad,56,1968-06-04,$97223,Human Resources
Gregory Wright,Water engineer,East David,39,1985-03-06,$138867,Operations
Deborah Brooks,Financial trader,South Jason,33,1990-12-12,$62304,Engineering
Brian Leblanc,Energy engineer,Barrychester,24,1999-12-20,$145752,Customer Support
Michael Ross,Nurse learning disability,Arnoldchester,38,1986-04-16,$61032,Finance
Teresa Perry,Journalist broadcasting,Jonathanburgh,22,2002-06-14,$67067,Product Management
Ryan Moore,Press sub,Hendersonport,26,1998-06-19,$68082,Customer Support
Lauren Brown,Surveyor building,Christopherburgh,45,1979-05-05,$141423,Human Resources
Dr. Dennis Monroe,Administrator arts,Thomasville,37,1987-07-25,$56350,Sales
Mary Sullivan,Geophysicist/field seismologist,Samanthafort,27,1997-06-16,$106784,Operations
Crystal Brown,Hydrogeologist,New Michael,20,2004-02-28,$74689,Engineering
Maria Gutierrez,Pharmacist community,Terryshire,25,1999-05-15,$69419,Marketing
Tonya Cooper,Therapeutic radiographer,Port Kelly,53,1971-06-27,$96826,Legal
John Cole,Passenger transport manager,New Susanview,44,1979-09-08,$65629,Human Resources
Monica Sanchez,Advertising copywriter,Ashleyport,28,1996-08-10,$75945,Engineering
Zachary Kline,Research scientist (maths),Lake Heathershire,56,1968-05-09,$137049,Sales
Jesse Hebert,Lecturer higher education,South Kathryn,30,1993-09-25,$131697,Marketing
Steven Wilson,Interpreter,Sandrashire,34,1990-06-20,$140773,Customer Support
Ian Jordan,Illustrator,West Christineberg,60,1964-04-19,$118480,Finance
James Adams,Animator,Port Julieborough,58,1965-09-10,$68977,Sales
Susan Gardner,Advertising account executive,Port Zacharyville,60,1964-05-15,$74082,Operations
Gabrielle Holloway,Civil Service fast streamer,Lake Christopherhaven,51,1973-05-11,$85372,Product Management
Robert Blake,Civil Service fast streamer,New Danielle,28,1996-03-01,$148843,Customer Support
Dr. Carrie Liu,Optometrist,West Amber,23,2001-05-02,$57077,IT
Michael Alvarez,Computer games developer,Warrenmouth,44,1980-05-06,$91194,Human Resources
Alisha Young,Communications engineer,Benjaminview,21,2003-04-08,$140358,Product Management
Gregory Alvarado,Engineering geologist,Wallaceberg,42,1982-02-07,$55080,Finance
Kristin Watkins,Advertising art director,Port Jessica,22,2002-03-11,$90127,Human Resources
Tracy Hicks,Metallurgist,Thomasville,28,1996-07-20,$62202,Product Management
April Hernandez,IT trainer,East Vernonside,22,2002-08-20,$86922,Sales
James Campbell,Armed forces logistics/support/administrative officer,Lake Claudialand,36,1987-11-15,$122828,Finance
Dustin Bradshaw,Equality and diversity officer,Shannonburgh,51,1972-09-23,$133355,Human Resources
Thomas Hobbs,Bookseller,Gloverburgh,51,1972-12-27,$125507,Marketing
Brandi Vasquez,Contracting civil engineer,Callahanfurt,55,1968-11-15,$98552,Finance
Lucas Johnson,Licensed conveyancer,West Sarahside,58,1966-06-09,$138066,Engineering
Tonya Lopez,Insurance claims handler,West Anthonymouth,57,1966-12-14,$92644,Legal
Victor Thompson,Engineer broadcasting (operations),Justinfort,34,1989-10-19,$79388,Engineering
Tyler Roberts,Sports development officer,Wilsonborough,54,1970-07-19,$96349,Operations
John Edwards,Information officer,West Donna,33,1991-02-25,$87400,Engineering
Ashley Johnson,Retail buyer,West Samanthamouth,52,1972-08-02,$116256,Finance
Olivia Edwards PhD,IT technical support officer,Gutierrezberg,33,1991-01-12,$147748,Customer Support
Mrs. Rachael Alexander,Aeronautical engineer,Michaelborough,36,1988-07-23,$74928,Engineering
Sandra Peters,Comptroller,Lake Josephstad,37,1987-03-30,$137558,Marketing
Cheryl Carroll,Veterinary surgeon,Ianfort,39,1984-12-25,$120743,Human Resources
Amy Jenkins,Ambulance person,West Melissafort,51,1973-04-26,$92183,IT
Megan Hall,Operational researcher,East Joshuafort,28,1996-08-07,$115651,Human Resources
Nicole Miller,Pathologist,Lake William,54,1969-11-07,$127157,Finance
Tracy Lee,Surveyor rural practice,Lake William,46,1978-06-17,$111285,Legal
Aimee Wang,Naval architect,South Nancyside,35,1989-06-11,$132100,Legal
Amanda Morton,Archaeologist,New Jackhaven,21,2002-12-04,$81145,Legal
Gerald Davis,Education officer community,South Zacharytown,38,1986-03-31,$131658,Human Resources
Mr. George Martin,Child psychotherapist,Port Nicoleside,26,1997-10-16,$59824,IT
Emma Hodges,Chief of Staff,South Danielfort,27,1997-05-28,$80377,Finance
Amanda Austin,Medical illustrator,Brownstad,59,1965-06-19,$62598,Product Management
Brandi Luna,Lighting technician broadcasting/film/video,Jasonmouth,23,2001-06-03,$124078,Human Resources
Mrs. Jennifer Reed,Scientist clinical (histocompatibility and immunogenetics),Michaelshire,42,1982-03-08,$141237,Finance
Dr. Susan Morgan,Conservator museum/gallery,Eduardomouth,41,1983-06-24,$125365,Human Resources
Dean Ewing,Haematologist,Greenton,60,1964-01-04,$89254,Sales
Anna Chang,Legal secretary,Maldonadoside,58,1966-07-08,$99999,Finance
Lisa Peters,Chief of Staff,East Brian,41,1983-08-24,$68878,Sales
Michele Castillo,Lexicographer,Charlestown,37,1987-01-21,$107392,Finance
Courtney Burch,TEFL teacher,Lake Connie,40,1983-11-25,$56395,Sales
Daniel Ramirez,Conference centre manager,Shelleyburgh,53,1971-03-16,$91845,Human Resources
Catherine Smith,Air traffic controller,East Brian,20,2004-07-03,$72808,Engineering
Alice Johnson PhD,Insurance broker,North Kelly,56,1968-01-10,$85515,Marketing
Tiffany Matthews,Administrator charities/voluntary organisations,Perezshire,45,1978-12-25,$82251,Marketing
Nicole Atkinson,Engineer manufacturing systems,North Gina,53,1971-08-30,$122231,Customer Support
Jason Porter DDS,Electronics engineer,Mccormickborough,38,1985-11-21,$141270,Customer Support
David Parker,Radiographer diagnostic,Williamsbury,60,1964-01-13,$93968,Legal
David Villarreal,Designer multimedia,East John,50,1974-05-07,$145922,Engineering
Michael Deleon,Land/geomatics surveyor,Lake Stacy,53,1971-02-20,$125031,Product Management
Lorraine Powell,Teacher music,Scotthaven,23,2000-12-22,$111602,Operations
Jessica Hodge,Patent examiner,Mckinneyburgh,30,1993-11-01,$141971,Customer Support
James Martin,Outdoor activities/education manager,Michelleton,51,1973-01-19,$110586,Customer Support
John Casey,Designer interior/spatial,Bishopmouth,42,1982-01-02,$138888,Sales
Kimberly Williams,Administrator arts,Lewisville,34,1990-01-13,$126503,Sales
Frank Lewis,Clinical molecular geneticist,Port Carly,38,1986-08-30,$146141,IT
Jeremy Key,Theatre manager,Bergerberg,47,1977-04-23,$58433,Customer Support
Paul Cain,Trade union research officer,Port Duanebury,23,2001-05-05,$62539,Marketing
George Wells,Environmental education officer,Greenetown,21,2002-09-29,$98248,Finance
Sheryl Kelly,Engineering geologist,Masonfort,29,1994-10-15,$81100,Sales
Jessica Anderson,Animator,Lake Pamela,33,1991-01-09,$131237,Marketing
Mark Juarez,Trade mark attorney,South Feliciaborough,55,1969-08-27,$130798,Sales
Stephanie Cantu,Computer games developer,Benjaminhaven,53,1971-08-22,$122037,Operations
Marcus Thompson,Transport planner,South Christopher,54,1969-09-20,$94819,Operations
Kristina Miller,Radiation protection practitioner,Kimmouth,56,1968-08-13,$135455,Marketing
Russell Decker,Psychologist sport and exercise,Smithburgh,58,1965-12-03,$56225,IT
Eric Jones,Materials engineer,South John,57,1966-10-15,$107515,Customer Support
Michael Fields,IT sales professional,Port Heathermouth,20,2004-05-04,$142731,Sales
Richard Baker,Claims inspector/assessor,Nathanielton,47,1976-11-08,$92128,Product Management
David Holt,Counsellor,East Tanyaton,23,2001-01-13,$119595,Customer Support
Charles Reynolds,Network engineer,North Norma,40,1983-10-07,$118686,Engineering
Stephanie Lewis,Runner broadcasting/film/video,Phyllisshire,47,1976-12-03,$104985,Product Management
Desiree Rogers,Marine scientist,Watkinsbury,29,1995-07-06,$114046,Engineering
Jaclyn Jones,Lecturer further education,East Erica,52,1972-06-07,$117425,Engineering
Lisa Camacho,Hydrologist,Bethanyview,52,1972-06-26,$96294,Marketing
Tammy Jackson,Radiographer therapeutic,Nelsonmouth,29,1995-03-03,$80636,Finance
Melissa Peterson,Community arts worker,Lake Edward,40,1984-03-24,$93117,Operations
Adam Hunt,Counselling psychologist,Smithport,44,1980-03-12,$108371,Engineering
Alexandria Robinson,Tour manager,South Tiffanyport,26,1998-03-03,$56167,Human Resources
Dale Rivas,Television production assistant,Gardnerport,24,2000-01-20,$84541,Engineering
Rebecca Herrera,Occupational psychologist,South Brendashire,57,1966-12-06,$105848,Human Resources
Daniel Ellis,Ecologist,West Michael,57,1967-03-03,$111546,Engineering
Michelle Carpenter,Adult guidance worker,South Ethan,34,1990-06-03,$78708,IT
Adam Spencer,Nurse adult,New Laura,26,1998-01-09,$134435,Sales
Scott Swanson,Civil Service fast streamer,Port Whitney,32,1992-07-04,$69093,Customer Support
Derrick Griffin,Oceanographer,Johnfort,53,1970-09-30,$123784,Finance
Robert Price,Chief Financial Officer,West Austinville,37,1987-01-12,$102868,Customer Support
Holly Hancock,Arts development officer,South Bradleyville,57,1966-12-31,$100264,Human Resources
Anthony Liu,Film/video editor,New Jason,41,1983-03-14,$143653,Product Management
John Brooks,Therapist music,Maddoxview,42,1982-04-15,$64632,Operations
Caitlin Ware,Aid worker,Davisside,51,1973-04-28,$92135,Finance
Juan Williams,Control and instrumentation engineer,Wellsmouth,20,2004-08-18,$76193,Engineering
Michele Perez,Copywriter advertising,Mirandaborough,27,1997-04-06,$120896,Product Management
Maria Kirk,Mudlogger,New Georgeberg,38,1986-04-16,$92439,Legal
Anthony Jordan,Teacher music,Shanechester,56,1968-02-14,$144597,Customer Support
Gina Spears,Homeopath,South Tinaport,34,1990-04-22,$85460,Operations
Terry Richards,Glass blower/designer,East Garyfort,42,1981-12-14,$128946,Operations
Anthony Taylor,Radiographer diagnostic,Derekmouth,37,1987-08-04,$71903,Customer Support
Richard Beasley,Dispensing optician,Johntown,34,1990-02-03,$125999,Legal
Jennifer White,Estate manager/land agent,Robertton,43,1981-07-02,$99777,Sales
Jonathan Walker,Electrical engineer,Campbellside,20,2004-02-18,$54959,Customer Support
Kevin Cook,Conference centre manager,New Robert,23,2001-09-02,$95666,Finance
Robert Mendoza,Stage manager,Jamesville,23,2000-12-06,$82024,IT
Lynn Richards,Surveyor minerals,North Cynthiaburgh,32,1992-08-10,$65817,Customer Support
Heather Smith,Embryologist clinical,New Mary,27,1996-10-28,$99407,Product Management
David Mcdonald,Theatre manager,Riversland,20,2004-01-12,$57224,Product Management
Maria Williams,Control and instrumentation engineer,Lake Jillianton,60,1964-08-05,$121748,Customer Support
Lisa Moreno,Visual merchandiser,New Stephanie,27,1997-04-29,$63475,Engineering
Joanna Alvarado,Psychotherapist child,West Ericaland,40,1984-01-23,$117519,Sales
Mrs. Sheryl Bryant,Newspaper journalist,Bradleyfurt,27,1996-09-18,$81946,Finance
Lauren Smith,Airline pilot,Sarahburgh,56,1968-01-28,$74187,Legal
Angie Hodge,Professor Emeritus,Allenberg,26,1998-06-22,$81315,Product Management
Peter Allen,Merchant navy officer,West Josephchester,37,1987-09-07,$113082,Human Resources
Travis Miller,Youth worker,Yorkstad,27,1997-08-19,$79317,IT
Randall Gonzalez,Purchasing manager,Perryton,40,1983-10-17,$101766,Product Management
Nicholas Gregory,Petroleum engineer,Oconnorfurt,39,1985-06-27,$137574,Customer Support
Jeffery Perez,Teacher music,Lake Dennis,34,1990-04-04,$117268,IT
Stephanie Acevedo,Engineer manufacturing,Clementsstad,37,1986-09-23,$98431,Operations
Stephanie Hudson,Accountant chartered public finance,Thomaschester,20,2003-11-25,$99076,Marketing
Andrew Turner,Restaurant manager fast food,Sandersville,48,1976-08-04,$117518,Marketing
Norma Potter,Ambulance person,New April,48,1976-01-06,$92444,Finance
Alan Holmes,Marketing executive,Patriciaberg,25,1999-03-25,$142460,Marketing
James Smith,Materials engineer,Millerburgh,33,1991-09-07,$140110,Operations
Brenda Smith,Geophysical data processor,New Caitlyn,59,1965-02-17,$137479,Customer Support
Jeffery Oconnor,English as a second language teacher,North Christineshire,22,2001-11-17,$99090,Marketing
Jeffery Rush,Housing manager/officer,South Paul,50,1973-10-14,$148455,Operations
Alex Hanna,Magazine journalist,New Lydiashire,49,1975-03-04,$89565,Customer Support
Paul Martinez,Therapist speech and language,Roberttown,59,1965-04-14,$113586,Operations
Jeremy Davis,Education administrator,South Mary,41,1983-06-22,$145452,Customer Support
April Williams,Chartered accountant,North Alexanderborough,36,1988-01-22,$104610,Finance
Emma Thomas,Embryologist clinical,Port Christianburgh,27,1997-06-07,$69545,Human Resources
Bruce Decker,Brewing technologist,Thomasburgh,34,1990-04-07,$79679,Legal
Jeffrey Morales,Health physicist,West Carrie,47,1977-01-29,$70313,Human Resources
Savannah White,Administrator sports,North Nicole,22,2001-12-23,$140737,Marketing
Holly Johnson,Building surveyor,Dixonport,45,1978-12-20,$85358,Operations
Anthony Hardy,Psychotherapist dance movement,West James,20,2004-05-17,$85946,Sales
Sarah Dyer,Energy engineer,Port Arianafurt,53,1971-06-08,$79393,Finance
Anthony Morris,Arboriculturist,South Kenneth,48,1976-03-09,$69812,Finance
Rose Burns,Editor magazine features,Collinshaven,31,1993-01-23,$52274,Operations
Leslie Wallace,Environmental education officer,New Derekchester,29,1995-02-10,$114943,Product Management
James Fitzgerald,Academic librarian,Kerrfurt,41,1983-04-28,$65219,Customer Support
Courtney Perez,Administrator local government,East Clifford,28,1996-05-05,$67971,IT
Mrs. Amy Beck,Futures trader,Danielville,30,1993-11-15,$112102,Legal
Kenneth Flores,Designer exhibition/display,Morrisview,41,1983-02-10,$113620,Finance
Daniel Arnold,Exhibitions officer museum/gallery,Lake Virginia,45,1978-11-19,$86440,Marketing
Kristen Mccarthy,Tree surgeon,Larryberg,28,1996-02-16,$129703,Sales
Janet Martinez,Accountant chartered,Beardborough,56,1968-02-03,$73412,IT
Dr. William Hart,Health visitor,Port Erin,57,1967-07-28,$100897,Human Resources
Cassie Scott,Social worker,Underwoodmouth,33,1990-10-24,$77298,Legal
Barry Schwartz,Catering manager,Rasmussenport,20,2004-04-14,$137358,Engineering
Colleen Downs,Administrator arts,Richardfort,57,1967-04-24,$64027,Operations
Michelle Eaton,Teacher special educational needs,Cookfurt,43,1980-10-05,$119326,Finance
Thomas Foster,Haematologist,Evansfort,28,1995-11-03,$62795,Legal
Arthur Boyd,Astronomer,Jeanetteside,60,1964-01-09,$142848,Legal
Mary Medina,Engineer aeronautical,Myersfort,20,2004-05-05,$132290,IT
Lauren Nguyen,Tax adviser,Robbinsberg,57,1967-04-25,$132918,IT
Mr. Danny Davies,Video editor,Stephanieside,44,1980-08-23,$109681,Product Management
Emily Anderson,Journalist broadcasting,Kevinchester,20,2003-12-12,$115270,Sales
Ashley Gordon,Aeronautical engineer,West Joshua,28,1996-03-22,$95833,Product Management
Ruth Wilson,Occupational hygienist,New Daniel,45,1978-11-19,$121197,Engineering
David Howard,IT technical support officer,Smithview,24,2000-03-17,$95574,Product Management
Robert Mcdonald,Exhibitions officer museum/gallery,Lake Desiree,55,1969-07-12,$87496,Legal
Tom Steele,Research scientist (physical sciences),Bryantville,43,1980-10-12,$83696,Operations
Kim Beard,Merchandiser retail,Lisatown,21,2002-12-19,$121060,Finance
Mark Mcintosh,Animal nutritionist,Sarahview,45,1979-08-19,$110049,Sales
Paula Warner,Investment analyst,West Kevin,34,1990-04-05,$108368,Marketing
Courtney Johnson,Management consultant,Francesfort,48,1976-08-06,$90223,IT
Kevin Moore,Visual merchandiser,Jonathanchester,23,2001-06-25,$71891,Customer Support
Cynthia Miller,Administrator,East Cassandra,29,1994-10-11,$75780,Operations
